Variable,PC1,PC2,PC3,PC4,PC5,PC6,PC7,PC8,PC9,PC10,PC11,PC12,PC13,PC14,PC15,PC16,PC17
Screen on Ratio,0.712,0.689,0.734,0.514,0.573,0.521,0.412,0.602,0.473,0.523,-0.132,0.106,0.091,0.078,0.003,0.004,0.028
Education APP Dur.,0.082,-0.057,0.865,0.163,0.482,0.412,-0.084,-0.148,0.654,-0.071,-0.008,-0.072,-0.062,-0.031,-0.005,0.002,-0.005
Games APP Dur.,-0.054,-0.325,-0.472,-0.429,-0.412,-0.427,-0.345,-0.213,-0.042,-0.031,-0.015,0.158,0.023,0.012,-0.021,-0.012,0.003
Social APP Dur.,0.623,0.832,0.215,-0.317,-0.387,0.368,0.201,0.123,0.022,0.005,0.023,0.133,0.052,0.019,-0.015,0.035,0.025
Communications APP Dur.,0.841,0.614,0.127,-0.202,-0.259,0.217,0.134,0.034,0.043,-0.022,0.014,0.021,0.031,0.026,0.001,0.004,0.012
Music APP Dur.,0.125,0.208,0.468,0.812,0.134,0.149,0.567,-0.027,0.317,0.134,0.017,0.005,0.006,0.004,-0.007,-0.008,0.004
Browsers APP Dur.,0.231,0.314,0.541,0.239,0.216,0.193,0.623,0.056,0.068,0.311,-0.03,0.089,0.017,-0.009,-0.002,-0.003,0.018
Video Players\&Editors APP Dur.,-0.127,-0.289,-0.198,0.284,-0.331,-0.356,0.481,0.734,0.106,0.221,-0.023,0.206,0.062,-0.015,-0.018,-0.016,-0.008
dorm Dur.,-0.412,-0.457,-0.363,-0.351,-0.287,-0.281,-0.213,0.251,-0.125,0.048,-0.019,-0.021,-0.01,-0.036,-0.014,-0.005,-0.003
classroom Dur.,0.365,0.347,0.493,0.217,0.403,-0.092,-0.047,-0.184,0.234,-0.023,-0.01,-0.037,-0.003,-0.021,-0.009,-0.008,-0.006
study room Dur.,0.291,0.412,0.602,0.364,0.457,0.376,-0.126,-0.053,0.522,0.089,-0.005,-0.004,-0.008,-0.025,-0.011,-0.01,-0.004
Prop. of stationary,-0.756,0.125,0.184,0.769,0.312,0.254,-0.016,-0.086,0.134,0.019,0.006,0.012,0.019,-0.007,-0.004,0.023,0.004
Incoming Call Freq. \#7565,0.654,0.513,-0.132,-0.114,-0.115,0.071,0.091,0.103,0.087,-0.014,0.024,0.004,0.002,-0.011,0.005,0.003,0.003
Incoming Call Freq. \#3603,0.613,0.479,-0.087,-0.087,-0.092,0.043,0.073,0.056,0.063,-0.031,-0.004,-0.022,-0.013,0.005,-0.003,0.001,-0.001
Incoming Call Freq. \#3904,0.578,0.465,-0.076,-0.075,-0.081,0.029,0.064,0.029,0.026,0.017,-0.013,0.006,0.008,0.012,0.008,0.004,0.002
Shopping APP Dur.,-0.214,-0.231,-0.253,-0.258,-0.265,-0.134,-0.055,0.161,0.154,0.475,-0.016,-0.016,-0.02,-0.017,-0.005,0.045,0.004
Incoming Call Freq. \#3409,0.463,0.382,-0.092,-0.096,-0.087,0.061,0.121,0.097,0.021,0.026,0.011,-0.01,-0.014,0.009,0.001,-0.002,-0.002
Outgoing Call Freq.\#9200,0.741,0.558,-0.112,-0.102,-0.109,0.059,0.034,0.045,0.041,-0.032,0.002,-0.008,0.004,-0.013,-0.006,-0.005,0.002
Outgoing Call Freq.\#2737,0.712,0.524,-0.147,-0.117,-0.128,0.048,0.046,0.072,0.034,-0.015,-0.015,0.005,-0.008,0.017,0.002,0.002,-0.005
Outgoing Call Freq.\#8401,0.698,0.501,-0.128,-0.126,-0.142,0.056,0.041,0.057,0.056,0.022,-0.022,-0.018,-0.003,-0.004,0.003,0.001,-0.003
Outgoing Call Freq. \#7074,0.683,0.493,-0.093,-0.089,-0.096,0.063,0.031,0.036,0.053,-0.021,-0.008,0.003,0.006,0.021,0.004,0.003,0.003
Incoming Call Dur. \#9090,0.557,0.372,-0.084,-0.073,-0.067,0.034,0.029,0.056,0.029,-0.018,-0.021,-0.015,-0.007,0.003,-0.003,-0.001,0.002
Incoming Call Dur. \#6599,0.532,0.358,-0.067,-0.062,-0.059,0.021,0.022,0.014,0.022,0.005,0.01,0.009,0.003,0.009,-0.001,-0.002,0.001
Incoming Call Dur. \#8599,0.501,0.341,-0.071,-0.068,-0.065,0.027,0.045,0.032,0.021,0.014,-0.005,-0.005,0.002,-0.008,0.002,0.002,-0.002
Incoming Call Dur. \#7933,0.462,0.326,-0.059,-0.055,-0.054,0.018,0.036,0.023,0.014,0.011,-0.005,0.001,-0.003,-0.015,-0.005,-0.003,-0.001
Outgoing Call Dur. \#9312,0.583,0.387,-0.124,-0.145,-0.153,0.063,0.054,0.028,0.045,-0.003,-0.01,-0.01,0.002,0.007,0.004,0.001,-0.002
Outgoing Call Dur. \#1560,0.525,0.348,-0.098,-0.097,-0.101,0.054,0.061,0.014,0.018,-0.019,0.012,-0.013,-0.004,0.005,-0.004,0.004,-0.004
Outgoing Call Dur. \#4276,0.498,0.312,-0.085,-0.083,-0.078,0.047,0.053,0.063,0.034,0.008,-0.018,-0.011,-0.009,-0.011,0.001,-0.002,0.002
Incoming SMS Freq. \#4654,0.624,0.721,0.217,-0.152,-0.141,0.093,0.105,0.073,0.053,-0.011,0.003,-0.002,-0.006,0.011,-0.003,0.002,0.001
Incoming SMS Freq. \#4612,0.578,0.683,0.153,-0.119,-0.108,0.076,0.093,0.068,0.044,-0.01,-0.01,0.007,0.004,-0.008,0.002,-0.003,-0.005
Photography APP Dur.,-0.113,-0.145,-0.267,-0.263,-0.194,-0.127,-0.081,-0.021,0.011,-0.026,-0.013,-0.019,-0.015,-0.014,-0.019,-0.015,-0.005
Incoming SMS Freq. \#4476,0.489,0.613,0.182,-0.143,-0.134,0.082,0.082,0.029,0.021,0.004,0.009,0.003,0.001,0.003,0.004,0.004,0.002
Outgoing SMS Freq. \#4130,0.553,0.586,0.138,-0.111,-0.109,0.074,0.052,0.015,0.016,-0.014,-0.005,0.005,0.007,0.002,0.003,0.001,-0.004
Outgoing SMS Freq. \#1843,0.512,0.529,0.097,-0.094,-0.085,0.059,0.027,0.004,0.008,-0.02,0.017,-0.011,-0.009,0.008,-0.004,-0.004,-0.002
word APP Dur.,0.241,-0.019,0.523,0.174,0.187,0.217,0.191,-0.036,0.029,-0.014,-0.009,-0.003,-0.021,-0.018,-0.005,0.001,-0.012
Outgoing SMS Freq. \#1457,0.468,0.574,0.115,-0.107,-0.102,0.067,0.022,0.017,0.022,-0.017,-0.02,-0.006,-0.014,-0.02,0.006,0.002,0.002
Outgoing SMS Freq. \#1973,0.421,0.532,0.094,-0.098,-0.094,0.072,0.019,0.019,0.019,0.007,0.014,-0.014,-0.017,0.002,0.001,-0.005,0.001
Prop. of on-foot,-0.056,-0.072,-0.074,-0.427,-0.321,0.313,0.301,-0.108,-0.067,-0.029,0.246,-0.004,-0.005,0.085,-0.002,-0.01,-0.001
library Dur.,0.172,0.248,0.482,0.386,0.518,0.672,0.184,-0.101,0.529,-0.002,-0.02,-0.018,-0.01,-0.007,-0.007,-0.004,-0.002
gym Dur.,-0.231,-0.289,-0.372,-0.412,-0.412,-0.418,-0.084,-0.215,-0.112,-0.036,0.002,-0.006,0.114,0.027,0.089,-0.015,-0.003
Food APP Dur.,-0.097,-0.203,-0.311,0.224,0.173,0.193,-0.062,0.561,0.084,0.075,0.077,-0.01,0.01,-0.011,-0.012,0.001,0.004
Weather APP Dur.,0.062,-0.047,0.148,0.183,0.127,0.082,-0.053,0.031,0.037,-0.019,0.038,-0.008,-0.003,0.022,-0.002,-0.002,-0.005
SSIDs \#1396 Freq.,0.431,0.378,0.294,0.162,0.134,0.176,0.112,0.074,0.019,0.007,-0.017,-0.012,-0.012,-0.009,-0.003,-0.005,-0.002
SSIDs \#9428 Freq.,0.387,0.347,0.217,0.143,0.148,0.137,0.123,0.056,0.021,0.025,-0.014,-0.021,0.008,-0.003,-0.005,0.001,0.003
SSIDs \#5891 Freq.,0.364,0.325,0.236,0.117,0.122,0.154,0.132,0.023,-0.01,-0.021,-0.013,-0.017,-0.005,0.013,0.004,-0.003,-0.001
SSIDs \#3164 Freq.,0.391,0.319,0.259,0.153,0.157,0.183,0.076,-0.031,-0.032,-0.01,0.022,-0.007,-0.02,0.005,0.002,0.002,0.002
GPS Longitude,0.215,0.184,0.151,0.121,0.119,0.214,0.164,0.039,0.009,0.011,0.023,0.002,-0.002,0.007,0.001,0.002,0.001
GPS Latitude,0.187,0.172,0.128,0.107,0.102,0.193,0.142,-0.042,0.014,0.02,0.021,0.004,0.004,0.014,-0.002,-0.001,-0.005
GPS Altitude,0.176,0.153,0.112,0.085,0.089,0.162,0.108,0.028,0.027,0.018,0.015,-0.001,0.002,-0.009,0.001,0.003,-0.003
Mean of ambient noise levels,-0.065,-0.042,0.047,-0.067,-0.071,0.081,0.019,0.019,0.024,-0.014,0.003,0.003,-0.003,-0.01,-0.001,-0.005,0.001
Ambient Noise Levels Var.,0.034,0.058,0.052,-0.083,-0.083,0.072,-0.031,-0.045,0.014,-0.021,-0.013,-0.008,-0.009,0.002,0.003,-0.001,-0.002
Mean Light Levels (Sleep),-0.083,-0.078,-0.374,-0.432,-0.497,-0.314,0.081,-0.014,0.031,0.039,-0.017,-0.005,0.001,-0.015,-0.01,-0.008,-0.004
Variance of Light Levels (Sleep),-0.054,-0.066,-0.298,-0.297,-0.329,-0.213,-0.124,-0.022,0.018,0.024,0.014,0.003,0.005,0.008,0.008,0.005,0.002
Prop. of in-vehicle,-0.067,-0.102,-0.158,-0.187,-0.207,-0.125,0.055,-0.053,-0.05,-0.031,-0.022,-0.004,-0.014,0.062,-0.005,-0.001,-0.005
Prop. of on-bicycle,-0.031,-0.081,-0.126,-0.145,-0.148,0.046,0.143,-0.102,-0.049,-0.044,0.027,-0.002,-0.004,0.031,-0.003,-0.003,-0.001
Prop. of running,0.048,-0.027,-0.054,-0.072,-0.091,0.072,0.204,-0.078,-0.089,-0.027,0.349,-0.007,-0.001,0.061,-0.007,-0.012,-0.003
Prop. of walking,0.112,0.091,0.164,-0.215,-0.173,0.129,0.278,-0.154,-0.022,-0.016,0.214,-0.006,-0.005,0.056,-0.004,-0.014,-0.004
Incoming Call Freq.\#1355,0.541,0.482,-0.095,-0.091,-0.089,0.051,0.066,0.085,0.023,0.021,-0.011,-0.001,0.004,0.012,0.004,-0.001,0.001
Outgoing Call Freq. \#7415,0.632,0.516,-0.117,-0.113,-0.115,0.047,0.092,0.034,0.052,-0.018,-0.016,0.004,-0.008,0.001,0.003,0.002,0.002
Incoming Call Dur. \#7043,0.593,0.473,-0.108,-0.103,-0.107,0.034,0.033,0.029,0.023,-0.016,-0.018,0.01,0.003,-0.008,0.001,-0.003,-0.003
Incoming SMS Freq. \#9647,0.617,0.694,0.163,-0.158,-0.153,0.089,0.089,0.051,0.057,0.02,-0.008,0.001,-0.012,0.011,-0.003,-0.004,0.002
Entertainment APP Dur.,-0.145,-0.348,-0.462,-0.392,-0.397,-0.393,0.321,0.436,0.132,0.262,-0.015,0.215,0.021,-0.012,-0.021,-0.022,0.01
Outgoing SMS Freq. \#7956,0.486,0.542,0.141,-0.122,-0.127,0.092,0.115,0.093,0.024,-0.024,0.004,0.011,0.006,0.003,-0.005,-0.003,-0.003
art Dur.,-0.087,-0.112,-0.193,-0.215,-0.213,-0.147,0.039,-0.013,-0.031,-0.032,-0.016,-0.009,-0.017,-0.023,-0.012,-0.007,-0.001
canteen Dur.,-0.043,-0.276,-0.217,0.291,0.253,0.173,-0.013,0.214,-0.072,-0.053,0.003,-0.014,0.188,-0.015,-0.01,-0.003,0.003
parks Dur.,-0.134,-0.193,-0.196,-0.176,-0.183,0.197,0.027,-0.023,-0.058,-0.04,0.062,0.019,0.027,0.017,-0.007,-0.008,-0.005
shop Dur.,-0.129,-0.176,-0.172,-0.195,-0.191,-0.082,-0.101,0.134,0.073,0.036,-0.004,-0.005,-0.011,-0.011,-0.005,0.001,0.004
cafe Dur.,-0.113,-0.167,-0.204,0.267,0.233,0.212,0.163,0.052,0.041,-0.028,-0.001,-0.006,-0.005,-0.014,-0.002,-0.002,0.001
Not found Dur.,-0.245,-0.291,-0.288,-0.243,-0.229,-0.134,0.019,-0.062,0.062,-0.025,-0.009,-0.004,-0.003,0.002,0.004,-0.004,-0.002
Screen off Ratio,-0.631,-0.589,-0.645,0.631,0.622,0.564,-0.147,-0.301,-0.198,-0.162,0.115,0.092,0.075,0.057,0.022,0.015,0.004
Music APP Dur.,0.162,0.193,0.493,0.847,0.127,0.149,0.334,-0.033,0.438,0.308,-0.024,-0.002,-0.003,0.016,-0.009,-0.01,-0.001
SSIDs \#3746 Freq.,0.419,0.314,0.215,0.217,0.237,0.283,0.113,-0.012,0.013,0.015,-0.017,-0.007,-0.006,0.009,-0.004,-0.005,0.002
SSIDs \#8764 Freq.,0.397,0.293,0.197,0.174,0.184,0.194,0.198,0.061,0.052,0.021,-0.011,0.001,0.005,0.015,-0.005,0.002,-0.001
SSIDs \#1794 Freq.,0.383,0.285,0.182,0.189,0.193,0.234,0.227,0.094,0.061,0.009,0.024,0.003,0.004,-0.02,-0.006,-0.006,0.002
Screen Usage Dur.(Sleep),0.125,0.178,-0.318,-0.381,-0.442,-0.327,-0.234,-0.014,-0.052,0.135,-0.029,0.023,0.008,-0.011,0.005,0.002,-0.003
SSIDs \#2423 Freq.,0.376,0.276,0.176,0.136,0.153,0.174,0.146,-0.024,0.012,-0.016,0.013,-0.011,-0.007,0.005,-0.003,0.001,-0.002
SSIDs \#3110 Freq.,0.364,0.253,0.183,0.152,0.176,0.192,0.113,0.071,0.061,0.013,-0.01,-0.01,-0.009,0.007,-0.002,0.002,0.001
SSIDs \#8384 Freq.,0.351,0.237,0.164,0.176,0.198,0.153,0.185,0.113,0.047,-0.014,0.015,0.003,0.001,-0.002,0.002,0.003,0.002
Not found APP Dur.,-0.147,-0.154,-0.215,-0.214,-0.218,-0.197,-0.108,-0.077,-0.066,0.017,-0.004,-0.008,-0.019,0.018,-0.002,-0.001,-0.004
News APP Dur.,-0.091,-0.112,0.128,0.127,0.129,0.092,0.061,0.015,0.014,0.013,-0.003,-0.005,-0.002,-0.003,-0.011,-0.011,0.005
SSIDs \#7521 Freq.,0.332,0.214,0.172,0.181,0.173,0.142,0.124,0.014,0.038,0.006,-0.02,0.005,0.005,0.009,0.003,-0.004,0.001
SSIDs \#5857 Freq.,0.321,0.193,0.142,0.147,0.151,0.159,0.155,0.013,0.026,-0.01,0.002,0.009,-0.007,-0.01,-0.004,-0.002,-0.002
Art Design APP Dur.,-0.103,-0.093,-0.156,-0.179,-0.191,-0.121,-0.041,0.012,0.011,-0.009,0.005,-0.013,-0.012,-0.017,-0.005,-0.003,-0.003
Health APP Dur.,-0.087,-0.078,-0.139,-0.141,-0.153,-0.092,0.023,-0.086,-0.05,-0.016,0.018,-0.003,-0.003,0.028,0.079,0.01,0.002
SSIDs \#3296 Freq.,0.276,0.216,0.189,0.167,0.168,0.163,0.079,0.065,0.029,0.009,-0.012,0.002,0.008,0.016,0.001,0.001,-0.001
SSIDs \#3976 Freq.,0.289,0.198,0.163,0.143,0.143,0.184,0.119,-0.032,0.021,0.003,0.021,-0.008,0.002,-0.013,-0.005,-0.002,0.001
Dating APP Dur.,-0.131,-0.165,-0.224,-0.213,-0.217,-0.218,0.111,0.023,0.016,0.019,-0.017,0.014,-0.004,-0.004,-0.006,0.025,0.017
SSIDs \#8001 Freq.,0.321,0.284,0.205,0.152,0.159,0.193,0.121,0.051,0.038,0.012,0.013,-0.006,0.003,0.007,-0.001,-0.003,0.001
SSIDs \#2756 Freq.,0.307,0.267,0.192,0.162,0.142,0.127,0.139,0.026,0.013,-0.007,-0.014,-0.01,0.005,0.01,0.002,0.002,-0.002
Books APP Dur.,0.093,0.075,0.547,-0.187,-0.195,0.217,0.054,-0.058,0.015,-0.002,-0.002,-0.002,-0.002,-0.013,0.004,-0.004,-0.003
Comics APP Dur.,-0.062,-0.082,-0.164,-0.154,-0.162,-0.102,0.019,-0.035,0.017,-0.004,0.003,0.02,-0.005,0.003,-0.002,-0.002,0.002
SSIDs \#3791 Freq.,0.245,0.156,0.173,0.153,0.152,0.148,0.104,0.042,0.053,0.02,-0.019,0.001,0.004,0.011,0.003,-0.003,-0.002
SSIDs \#6461 Freq.,0.268,0.176,0.194,0.167,0.164,0.132,0.133,0.085,0.048,0.017,0.004,0.003,-0.006,0.015,-0.002,0.001,-0.003
SSIDs \#5285 Freq.,0.259,0.162,0.182,0.151,0.158,0.172,0.158,0.059,0.052,0.014,0.009,-0.004,0.008,0.013,0.001,-0.002,-0.005
Maps APP Dur.,-0.078,-0.134,-0.213,-0.213,-0.207,-0.149,0.068,0.032,0.026,-0.015,0.016,0.009,-0.002,0.045,0.023,0.017,0.012
Financial APP Dur.,-0.091,-0.082,-0.151,-0.121,-0.128,-0.082,0.031,0.004,0.021,0.012,-0.012,-0.011,-0.015,-0.005,-0.006,-0.003,0.001
Frequency of SSIDs \#8389,0.276,0.193,0.197,0.149,0.171,0.136,0.126,0.047,0.044,0.016,-0.01,0.003,0.003,-0.008,-0.001,-0.002,-0.001
Outgoing Call Dur. \#1415,0.489,0.412,-0.097,-0.079,-0.081,0.043,0.052,0.048,0.022,0.01,0.018,0.003,0.002,0.004,-0.002,-0.002,0.002
Outgoing Call Dur. \#9846,0.512,0.438,-0.118,-0.108,-0.118,0.056,0.027,0.029,0.017,-0.013,-0.023,-0.008,-0.006,-0.009,0.001,0.001,-0.001
Customization APP Dur.,-0.136,-0.173,-0.236,-0.196,-0.203,-0.162,-0.075,0.018,0.019,0.008,-0.01,0.002,-0.001,0.007,-0.003,0.001,0.004
Incoming SMS Freq. \#2936,0.341,0.248,0.147,-0.138,-0.138,0.084,0.051,0.022,0.023,0.009,-0.019,-0.009,-0.008,-0.016,0.001,0.003,0.003
Prop. of unknown,-0.023,-0.061,-0.062,-0.045,-0.054,-0.037,0.042,0.041,0.014,0.003,-0.008,-0.003,0.006,0.002,-0.001,-0.002,-0.003
Prop. of tilting,-0.037,-0.052,-0.051,-0.061,-0.078,0.056,0.133,-0.065,0.016,0.002,-0.014,-0.002,-0.009,0.009,-0.005,-0.001,-0.002
Medical APP Dur.,-0.072,-0.091,-0.091,-0.094,-0.103,-0.089,-0.014,-0.016,-0.018,-0.017,0.012,-0.01,-0.011,-0.014,0.006,0.006,-0.001
Parenting APP Dur.,-0.045,-0.071,-0.074,-0.082,-0.092,-0.061,0.008,-0.022,-0.022,0.021,0.006,0.001,-0.003,0.002,-0.003,-0.003,0.004
Prop. of lying down,0.132,0.298,-0.312,0.283,-0.321,-0.185,-0.032,0.055,-0.045,0.059,-0.038,0.037,-0.013,-0.003,-0.015,0.035,0.003
Prop. of going upstairs,0.065,0.123,0.145,-0.112,0.215,0.347,0.041,-0.031,-0.036,-0.023,-0.005,-0.005,0.022,-0.015,0.035,-0.002,-0.205
Prop. of going downstairs,-0.089,-0.168,-0.223,0.078,-0.084,-0.215,0.055,-0.024,-0.027,-0.025,0.023,0.002,0.025,-0.012,0.003,-0.015,-0.002
Prop. of studying,-0.213,-0.478,0.654,0.391,0.456,0.632,-0.204,-0.407,0.609,-0.107,-0.205,-0.008,-0.054,-0.052,-0.004,-0.004,-0.006
